1,Me6IXB_D3Hk
2,F3fjevblNPI
3,M5cjylL58gs
5,pOPfIBedzTc
6,m925-0VN1VI
7,ORCZkazsFzk
8,cVSjCh_O2c8
9,wzMFQVgp2Xg
10,40LefpUzHwc
11,cnEGpgrGP3c
12,8SV0C1sPxjs
13,7om5XaOuPcU
14,mDUnvkl2SW4
15,evaxYa_oJHU
16,KT4nKdNrQ-M
17,x_MUWNdjAAI
18,lh_J66Edvis
19,vvb-VVIgG-Y
20,NnJDH_f5hIY
21,orCiphFlWdQ
22,2Umufp00z1I
23,n52-It3aM8k
24,OsS4OeYybMA
25,dm_5oaTK3-8
26,0kAY92Nk98Y
27,3m4MdfnIx6g
28,3yVIB6SvLzo
29,ys_ZwOoEDwI
30,-44m4B6Y2aY
31,YYN1oKlNKnM
32,Wf2yrw19Nik
33,gJwi7TCtP3o
34,2Lw9g_EbNLM
35,lLtYFKUcz-k
36,UzF7HZiZ9xo
37,ewo071ojgoA
38,OGZQfDiKY5Y
40,OxuFQMGfkaE
41,jOO4TAxW15c
42,1Bbk5fM1_UU
43,cctaNy_mx4U
44,4iZQ45ZmM6w
45,7UjLlFQM_1w
46,o7mOZp_1VbI
47,TuD3K28k4F4
48,sKUFvQ5nhSI
49,i_rcsrmxmZI
50,HV3Bh_BRjxI
51,eM5kdEdOy7I
52,-6_XCL-iJ9M
53,k_T-mfe1TMc
54,7xAbxGJZbDY
55,BUHxg9a2mKw
56,z_yqcTu1kyY
57,TM8iOAxf2wo
58,p1488Y-n8hk
59,t65imMX7ius
60,brYBbcTmvi0
61,-tH2_pyNwLQ
62,uj_duuFVRyE
63,_lGfKsD_Rb4
64,WTUS96pVikw
65,mDTFUQZnWio
66,Vk11lmeqMsQ
67,r2TWtCKO-wQ
68,jv8_QrUt6ss
70,061_iXyQ2gE
71,XZ1iimt9ICM
72,pvmaNLZ_36g
73,rtjMFP8Lzdo
74,RDHhUk-q0R0
75,uBO_366ngIc
76,K-sSlwnGGTI
77,HTd4jAXt0kc
78,YavU7mHxyRk
79,0-1vIR7Vl2k
80,vnIUoXjsenc
81,2nhn_XimTas
82,0n1RBDIcJfI
83,fS25XP-Fqhw
84,82eC27KImEo
85,0gOoAMKxmHE
86,nmWw10erNKY
87,2UaicKgrrgo
88,VlJz6htmpMc
89,iqp2tzFCKek
90,KsfzDAfvJoo
91,5arFuwxJky8
92,uhTe7NPx0p8
93,39xggE3eEWY
94,Wlmadn-pIuk
95,Aj5_sGhSyGw
97,XwoU5wQ0yCc
98,o1y6-KgsHYM
100,sT4iqibcgHE
103,Z7X4hfswKtw
104,MeNulbsTnbc
105,o2wdGz3Rk6c
106,HOn4oK9gTDQ
107,oXQZSQ1uA1U
108,hvhj-DkgytY
117,3VkybZOm1ac
118,w1YvmtbHLHM
120,gijR6IMxiZc
121,T3PwqBBZUaE
122,NiiPXuW5jOY
123,2FnD-JKXRVU
124,oK311jygFy4
125,QoqDAzDpqhg
126,OCIWFySCUUs
127,l58s02uhzfY
128,aUA_MhxLAgg
129,vJFPbE7xy9s
130,mFgJxUobLKo
131,Y213M8_2gJ0
132,YIPRKKzerNA
133,fTit8015x70
134,Eo2RFsJBD6E
135,Akf4vQs7R9A
138,UaRVVHNq9Iw
139,WkQx2o89z4Y
144,kW79aMfcqSQ
145,iUx1eZqKPP0
146,KtYJNJyJqjY
147,8JNLOAUUmAo
148,x4EmAnC_DYo
149,RdWwkFSLznM
150,EB1c1A8XJd8
151,kaqg6fILKxs
152,uIOEf6ux0A4
153,jGin6K0Lhqs
154,A20dr9ynywQ
155,nCAt5AIYtQw
156,VJuL4rUgqlU
157,hyKEoJf0B40
158,ayzhSZ-sgv4
159,uzvJGlUerpo
160,wI2ylkdpeqA
161,Tsh_8h7OpBQ
162,TEStMJi2-Zo
164,sV3jVI0hJ6o
165,jteuIknPA1I
166,NHAaDXcNSs4
167,mxTNHgXSFcg
168,rbMAt6BFKkk
169,eF1O5E5wQ6k
170,BdJX6X_K8c0
171,_eT5VAKzyMk
172,sPc5LDo_Ias
173,EnA-dqTfiJo
174,BClWfIfL5qk
175,cyuzKlzYpYI
176,Byl7TGOQE7s
177,6MzjbjwH4lw
178,ziKe7pzgMEk
179,gCC924X7o6g
180,vAIIVdmADtg
181,Y9EhYd7x-6o
182,E-WTpWaZUSw
183,J44bRR7qQc0
184,yhnFVJl6qvk
185,9uc2X-2piGQ
186,HpqgidwVUBA
187,cPvjJIQs2aQ
188,4nsZ03PMO1I
190,2-N7oJWsLxc
191,HdvQJBSOz74
192,isiUDchGJDA
193,Vb8s9jSKXVA
194,u8KDvFAbt_8
195,dveuEOVFXK8
196,hVwYTpTswys
197,nsPAuivXLzo
198,LQJqb84FLxI
199,DoAtqecBA7g
200,OGHG64mlLqc
201,mkjgHEM5Wlg
202,ch0_YI45jEk
203,Mklx1XOReHs
204,xOnRH5OBSqg
205,0JZbbY-JJA0
206,vu1h6nCBrgg
226,VYtsXzuzEQU
227,PSUnzsGqebA
228,p03m23l7BWo
234,1T3t6chVWI0
235,I7w8vSC-R5s
236,vhLgQSIh4YQ
237,j0-PvX8Wupw
238,oqSjsT5aUZo
239,GZ75xx0P2Bk
240,TtuyA67-glk
241,iklLiBmsKF4
242,b852_nwgIdU
243,flaSE4WOo9g
244,OzPYSJGRkkQ
245,5MbgZ9ArP9k
246,y1otNFuxJww
248,QC5zfvc21No
249,IsbngmWBgFM
250,GbExHfmdaPQ
251,ohbalPdVR0s
252,P8Gyq9l05ME
253,yRmyfEGdnEw
254,zmMRB_ZalMo
255,qjaQePOxoYM
256,ndxKQcs9duc
257,tWQhuZ_9iKQ
266,M5jH1dA2N7g
267,R1YpLGLzeTo
268,d9eL9XBBj4c
269,fx7CLCqtuD4
270,bq1221XoR7M
271,Y8e_UCihdDo
272,K6MA5F_ZjVA
282,3LWJeLwCopk
284,m511nkEodBI
285,K2f80NXquXs
286,Rie1rXYm8VI
287,a92t6PndZV8
288,XKR7jG4nBNo
298,2Lqkj-y5C9o
299,xAQGLWVsbVc
305,4NTyBZB566U
326,KN_1dmz1W8k
328,sqzRB-s3q2o
330,fgV6czhVFEI
348,oM9WvXWyYxo
357,JnU5vCpbJwA
374,z_p_WEr24bg
375,S9sPxInh4EY
376,o8XpsBNf74Y
384,4lgxvyfaIKY
387,DZ0_oXau8pQ
388,odEnkPb_frg
389,rfOSTRSco7c
390,uTw-WKoqKX8
391,FfqbvqDiMlg
392,9cCJgeSyKMc
393,hwxfPTHWm0c
394,yf39tmq2uIU
395,jLMQI8GMFWA
399,BWmDjSHKTY8
400,_357fRluOIU
423,p7Jll1KstRc
448,AITIXONsFZU
449,klYc72KwXj0
450,96_k_1Bgx60
451,z8BIWXcuiIw
452,3yE0DDIz0JM
453,A_eGOVPLaSQ
454,05BrvJEnJB8
455,Jdx_LRWKQns
456,08rtnif3B9s
457,XRZ1sVVrrdU
458,6LFqoKEFYJY
459,5I6Lmchs7ac
460,qPCudiHs2g4
463,WTyhPrLBgIE
464,M2RoTpsr7l8
474,-4vkETfjbv8
475,Raox-9Mcuc8
477,cQIB2EUSMhw
478,YLUliY5SuMs
479,hO5zj8_CLB8
480,2lTHsmS216w
481,xgHk6shzaTI
482,617n9Jgmgls
483,9Bw11_fCY10
485,4kL4g81nLvg
486,Z6ySGGfiYsA
487,cttHyGurrUc
488,BKGAi_myxME
490,ftYkTZujibA
506,_vnl567po3s
507,g5k6KnUxXzU
508,1GtwyQ9P1as
509,OnhobEYLEPs
510,DCMyfEQpbAM
511,B_o8uOthILA
512,m-Wup-P4BqA
513,w-qtgYa5jw4
514,MFCn8WksbVA
515,ee0kXTu7Vjk
516,W8deWWyd0Is
517,41wyZKs8JSA
518,2AVnvSKvbDU
519,TitLOjOG4zM
520,rtoBC75SxHY
521,uGdWBsCt64c
527,r4g4vsv43fc
553,wwuyOlgJhq0
560,BOEUbl5I1vY
578,aCgshQlPtEc
579,aYRAyNPGMtU
580,ZKRgBJ_808s
581,A80ikwiBauc
582,nWSBTTyMYsw
583,_Eq3rRDxHn0
584,fighnHAxHbw
585,vnTZqrKjT_g
586,p0Eg_Mv9zdM
587,PJC7lxj0q7o
588,diS5pmXYrxg
589,K2I1GiINIYw
590,bd7Sl5AO0kQ
591,oXA7wZw6EcI
592,nYsSHAgWD7M
593,F3D-QVX819k
594,MD5vxXZWmko
595,xlLqWRRoWyM
596,PqhANxWZP64
597,jP7vDfXxRyU
598,VWg7VBlrTjs
600,MegRvA26P6M
601,DeKqXyBlQIE
602,kkhZFqWGWmM
605,wKmaDZnXEns
606,_pUAKr5lRkA
611,XG4ILXJKCjU
628,U4uNzsXdtPA
629,we-7GtfvV9E
630,5hKFQKJOXjQ
632,RiePHqZcq1g
633,d5V68_4jVcw
634,z9FlKUutCSs
636,fuGD-zamtbA
637,dbDi4PInEmo
638,bYCVyCMYYFg
653,tjY_uNUhSgw
656,0hQpwebnqrM
658,IQnJo0s0fjg
664,_fTsc2Ut5go
674,HtwO6LqB5MI
676,qYj9Mid2JK0
684,yBXGz0KATeY
685,PEXcDs-lJGw
686,NqwpwCszpqU
688,XTAC212tQuM
689,eI7uAavttpQ
690,J23D9AQkaf0
691,WsafvyNrXUQ
692,rDTRIxjIIrc
696,xvjycE-u6wc
697,DNQoMfAwuqs
698,xglj5H8h3js
701,42eiv-Q9QJI
702,go-5_PcH3kE
705,KIhxFnqVzRc
708,KYl8gDOlGPI
709,mFmmvjJSbaE
734,EAY-jJqI0ow
746,K8eHncmcUkI
758,_V51YAwF3YE
759,8kHBPf82cWo
781,GGN9Jv1-0Tg
782,rx4f-sXaVek
783,yiNQI74NZq0
784,0WHv0QRZm1U
789,3Jfwue0vXWw
790,3KBUG0evfLU
793,GPVHsBDggOU
795,LGHfjcW1Ah4
796,hqiGW7xALwA
797,U7SApLcji6E
798,zmdJAMzB6l0
799,yWiIUiXbH_w
802,OaKRsNvPcj0
825,p5G37d-Chqk
826,tfBs65_V6vU
827,BOzVxnxe_B0
828,Qs2IBgDSM0U
829,kdNvD_17K88
830,VKR64dJJluw
831,xrLFcMHlH2c
832,Wq9snSJ8NVQ
836,pi4qYj-aq1Y
837,_ntifWjdO8Y
838,lz-j7fELVMU
839,A5lz6vkAEcc
840,2oSvqlxnOLI
841,6hTOVYQHeYs
842,GKmr3-cDtEc
843,dqerqHP7ztM
844,H5qw-ax9xeI
845,57pQ1uBrmbE
846,3s9K_MWjCx4
847,WX1qN6RavWE
848,yFWcir3PDi4
849,m5yvqiJLfe4
850,ySYyxnrH-fQ
851,pzNG4nOoVCI
852,Gds12pE1g_Q
853,Kh1LAkIR7iY
854,I7G4_fiM0OU
855,3riuv8Xzfjs
856,InCS8rIKTcI
857,lPLh50tmK5g
858,LPxO5PAvt80
859,6KxExlF1LmE
880,loAoz1S2IEI
881,4IJ-mfHpPUw
882,_RukuGnP1vg
883,m637Yw-4kSo
884,GZqNKdT9oik
885,Ep7yvPHBPkw
886,l7gOYcPSYx4
887,bkd2pUCU2SQ
888,PQjkDb1Z_2w
889,e1ptzc2gO_Y
890,AZjX3P2rc9Y
891,myWlON7Giig
892,WdBO9S8cGM0
893,BKBN3z8w7qk
894,veonLzJLO9A
904,nSRYCprxTkg
919,g1NA9LvB5fI
921,WWOq4KnnDXQ
922,GzistrfvW7U
923,Gfpq2z6ByvA
924,2u7yLGtzZHc
926,E267flmQ7oc
927,4SWAcFV55CE
928,vQU7EahFE6k
929,_Y442JrVAG8
930,HzUfPNyx0g8
931,trYVM-nsRuY
933,u5OVR4asaAw
934,xvIDG39CFJI
935,OBQeJ8HeV4w
936,joFPkLq8v0U
937,6Rs0ORNszqI
938,Jm1Plv3Ot7Q
939,4h5X9FyFOgE
940,2K04R9Ul_b0
941,IukXywrhP-o
974,cm-a5iXhofY
975,FylQlX1dpfs
976,h6k9YPe6TD8
977,VbTQ2M24A38
978,eQNMCbxNva4
979,ZHRRudqtzdE
980,2eANgP7dtTc
981,TJD17WRu1EQ
995,vhO0UfM8dw8
996,bd7swuKtOt4
999,-UAHGgDjwJI
1000,kJG84ZAqXkw
1014,f1thgdNvzDs
1015,QV91Dn7qeW8
1017,4q6PziK0xQs
1018,FwIgAU0ga58
1019,Lu_uUSv_gFY
1020,O0mZldBbO1k
1021,OzHSgVULq3I
1022,lFFMgHNAagc
1023,YEmEgiReiXc
1024,n_pF9yodzXk
1025,H7Y83bX9nHg
1026,pvOFKETtQVQ
1027,vpWU7ByFK4A
1028,Hd-9HcmkY1E
1029,PEkJsQbpio4
1030,HyT6YPEQDqw
1031,sHMNGFRUovE
1032,tGVqDhC1bZM
1033,F_FzzmT0W94
1034,qdatCtdaiJM
1035,Pw23oEjJO8U
1036,NjZWjncMoqw
1037,9JdYt56pf9Y
1038,-JJMx4Mcx_U
1039,hPR25eqJHT0
1040,lbx177DZIH8
1041,EdbCDkBuh-g
1042,PhDLytnzseI
1043,qFtmJBQSn5E
1044,vfj3NyHaODU
1045,lJJp8ak5qSw
1046,kWMyrD5w4is
1048,7ePgdr1bh4s
1049,HDAtKbgnVvo
1050,Ma0ky59RuU8
1051,-rIAcJ39q9E
1087,9lKZQDAn2a8
1093,lmizBxQocmA
1097,ZclUYn_mNpw
1124,L72dzKVc2LY
1125,X_BNn5xcEBM
1127,S_2PlsfMeCI
1128,RVevPa272Ks
1129,5Bq6ibxuCrA
1130,NsjIMVVNnlY
1131,dOt0yJ9RjjI
1132,99fg8-huBIY
1133,z9FAEQMxo-k
1134,VGFH4muk1_I
1135,e-hKt5Kzgfo
1136,co0o4UVjn4c
1137,FZBakqc7Moo
1138,2zqf2p0-eIM
1139,9sk-Tvtyk0U
1140,sHW0KhYxBZQ
1141,DqsecE-b0Us
1142,uOUNlzX8OnA
1143,W1tBdhrlSJw
1144,kRAwvLJgyFg
1145,v2xTmcgaE4Q
1146,tHkVX-G5DPs
1147,-AYVb0ZPu8k
1148,UAOtJ6cZWIo
1149,5PncVj5nXag
1150,e4kjcbQ72Yg
1151,Znd2fztgjtU
1152,vqXxKngy8EU
1155,4RR-_ZvNPuY
1156,cAm9EwLlVgo
1157,XtZbykBFo6w
1158,xjABR0_sN9Q
1159,zWgRDiXL3EI
1160,Yw3T8VWzSIA
1161,Ygaqi-nm4Oc
1162,c9LSEyvJ3u4
1163,4ksCX2N6BRs
1164,Io4LB6ygkHY
1165,emeCKsqzatE
1166,2qdElTYOfpk
1167,IBbbzIx8OzM
1168,sK9nTOAXYxk
1174,GApQjX0scWg
1175,cTuIw4x5JBg
1176,cALLjCvr4XI
1178,U1Qy5WqNDlY
1179,zmUEcfvsABY
1186,_dx6bozpnX8
1191,PD3LYGoTJuQ
1192,YUC9pf5w4H8
1193,poTalUddzF4
1194,-HrU5fg0l2M
1199,Z8l3RyhBYIk
1213,gLGFKSfpZIQ
1234,k73UmdDh9wQ
1241,a88-kBUWCjM
1249,7gdLO3z91cI
1251,Tt_wlHTvyq0
1252,j_dcaaKF0qg
1253,OF8lwV41Y3k
1254,RQJmWdzERZI
1255,leLU6UCx62I
1256,fNNVwT8-rvA
1257,_m6sOHbSI8o
1258,KZVGtt6wOBI
1259,qEprxA_cuxY
1274,MUsz5TkTqqQ
1275,WVZoHI-IXSU
1276,TEEvBk6peew
1279,ffwwRN4Y8A8
1284,2M3_rrKsEt0
1285,YOYY31zo_lc
1293,4krIL_UCJ2w
1312,tGcsa9NXaog
1327,p6SKLWlwW3I
1328,6Mz9pp_Q6SE
1329,-g6ONNuSVhE
1330,4aOHgQyxHio
1331,Z9-PABkOIzA
1332,mxA3aLh7x58
1333,WSawje4dOhU
1334,T5atrcwx6UU
1335,SPm55Bcwu6w
1336,q8jtiqzW_4M
1337,CDdi8jasBuc
1338,Q01gnlpf5WE
1339,mRPypBrhcUk
1340,AzRXqXGIQBA
1341,rDaoSAVBjV4
1342,NsKsRtpX1tM
1343,BQ_s_0DFffY
1344,4GIiMbPeQN4
1345,SsFeEW20Oac
1346,xb1_16U-we0
1363,P2NWSM4_RGE
1364,Ca5FzF7Q-Xo
1365,SHn2Cwdhb4A
1366,UKDEAXEpEkA
1367,qM16bDu6VxY
1368,gt_4_q-Jdk0
1369,73EislZq4VA
1370,9cqQ9TnTaLs
1371,mxetqUvqrqY
1372,H8mnFedb-kI
1373,PG9f3b5Mykc
1374,nGwU2DDdHbU
1375,xgrdhYoONiA
1376,QsL_8dmt7sw
1377,DJfXP4iD08c
1378,TDhaGzmP3zs
1379,lRZd8CCNAhI
1380,P5DZELiDvHo
1381,dauGamjXCCs
1382,mLoVYw1phwI
1383,Oyk2SgB73TQ
1384,fc0-a7kdDJA
1385,PcB2o21yofM
1386,4ss0cE3Vrrw
1388,c6YqNH9DQHk
1389,ikExkWIoAho
1390,7fWpYA2leWY
1391,n2piGGNJdRo
1392,7Fdi1l3WAq4
1394,Mn6WSwrBxaU
1395,eYiddUbRl7w
1424,xUTZs0syfJA
1425,ANnRnpDPpp0
1427,J5DKFq9BiPg
1435,CP5cMP4A090
1438,UQkEoPt1Ow0
1439,lua6giZilmM
1440,f399IE4a0j8
1441,An5gwrfkJYM
1442,UK2K9Jwa-rg
1443,SEIGCiRFExc
1444,Rj4r0FQLmvk
1445,4vxtOcjLvJI
1446,LDPX-7IhVW4
1447,tLI1iVZdWJI
1448,MKEwhRVPY44
1449,EsTTAjaNThM
1450,5woHE_cEjSo
1451,k6g5so6TIqQ
1452,sqNNw9ipM8Y
1453,zyt1-AMsrgc
1454,KWFkr0BcesE
1499,vmFit-ItJFg
1500,hMAqsuQKS0I
1501,jFAWcnuh3vo
1502,0Vc-q5yPTs4
1503,9IHbOsnA7To
1504,7KJht_P9gtk
1505,fggs9W4WVeQ
1506,sAN3Gl4PbzQ
1507,JYZWlQIcvvk
1517,-Y4jNjjQi5c
1556,sfvlPZUoJX8
1560,l7mpXSHry9A
1561,Hbtu1dW-mm0
1562,feAP6N0rUP0
1563,ZsCm0CFRBQk
1564,-3oos0sjcS4
1565,B234R2SB4js
1566,IISS19z7Bk8
1567,1XUzkJKlQag
1568,a9xm2W1CaX4
1569,U-jWYQzTAWA
1570,3LZKein37y0
1609,UCEFeu2ef0M
1610,MYGIF23EEqg
1611,toCBVk23bOw
1612,iRX-Mdn4mEg
1613,sgusrdCzB0U
1628,KPN_XjWi6Qs
1638,BAr--VK3dNo
1639,LpqD5l32bKM
1640,1UNVGz2eRkI
1641,dz8dAlpabYc
1642,fHVdwBZYwp4
1643,m2YOZVhCN34
1644,lpJ070NBF8E
1645,6PvRGaNuzfw
1646,v1HJZOAINnU
1647,pRmHqiTIcP8
1670,Rj4r0FQLmvk
1674,4JUUfbtjzXM
1680,PuTlCryQLlI
1698,FC9HnGRXakQ
1699,lV7h8reqFRI
1701,HxPvfKjfJTc
1702,oQEn7xl5ZK8
1703,P9WMWaqMOGc
1706,dPRkEqKHWwQ
1707,FqASG-Atnkk
1721,hbAtbyPZXsQ
1722,vjlOP3I7JBg
1730,gmuMyD_LMAE
1731,o3Sfep11Ags
1732,tyOxTDiaIRI
1733,9gB1OYXTJuY
1734,QBFdYPDSlI4
1735,C_iOh3jKszU
1737,WipbFSqFAP8
1738,OKlfFm4Yt9o
1739,0Ht5wVyV46U
1740,mP7twtenv2E
1743,GU5AkUz_m8M
1744,ZG_XXm5wIfQ
1747,gRG_M23aQLg
1748,zSNHsx14iCA
1749,zyl_CeCPukI
1750,0fF8XQ4abUA
1751,xSsOPEM1VjM
1752,a3eGPrZBwgY
1753,ITgYkYzWHvo
1754,MFXZczE__go
1755,JWn6TpuIcoU
1756,Y2V0A19WcBI
1759,c7rsY-yQKUY
1760,voQP8tQikxM
1761,4zGFyARSyW8
1762,550VFjW6u3U
1763,IbvGFv_UvY4
1765,fdKsxr0GDFw
1766,7CqwC4xM66Q
1770,Vxf-zwtgNB8
1771,toAsBTVZXaE
1773,8BNJK8ppNww
1778,ViVnGPb67UU
1781,Cc5JGJXjyTI
1783,gyrE6jdp394
1784,Y0J1CaOTezM
1787,suUM5-AmSQ0
1789,NZ_jBeHs8Ds
1791,GSbC05J54js
1803,G8XatrWtvXM
1804,zTqtoXLLU2s
1805,tNMyCD5Dxnc
1806,8dAbY81DQXg
1812,KsK-g4BUOV0
1813,WCpEdgKr-QI
1815,ssdQmYPcgqc
1817,21NKBV-bLgY
1822,FdgH7UVeun0
1832,WDh6vfeD8WY
1833,_IEDsKPp3H8
1835,pm6ea4Fn5Yg
1837,5BGYYBecheE
1838,H1Z4UiV8pp4
1844,BoSloFSeYCg
1846,Dp-VUJKGuLc
1849,Vv1Mmdxkw9g
1907,75jWcoa7Rk0
1914,cogepHX5uTU
1931,25VeljIXZek
1933,WEL9O6FrS5Y
1934,Q-N9Kfo6pbc
1935,bF_i7bORzCU
1936,IXOWAZtLHaE
1946,JmmXKyvo1dw
2016,5wCF10JISno
2017,uqrOtlbUWlI
2018,DOT0ql6Zhn0
2037,SHJwZSj0MMY
2038,Fb_S5TKRang
2049,IoAtLG4957M
2066,36a15f5z2Eg
2080,xZRlTnCIR9U
2081,ycj_6qzWq50
2082,4Y6XCIvXHOc
2083,1s6rY8x4yTk
2084,nUo3TtvUvYg
2085,hbgkAps9sII
2086,fLD3PZmzIg0
2087,exIUbMP77ro
2088,gzNLdeu3WeU
2089,nNK4JUB78cE
2092,AWHT0f2G5lU
2093,viGUpTHrl1o
2094,pkNvNSNsJMM
2095,uhJ8TvxeS5E
2096,Q6I-PAzK5m8
2097,Zg1Kz1GscSc
2098,-uWnpshn25g
2099,MCGvmF5V0e8
2100,cE2CIjY63yI
2101,S37M4OaQBa4
2102,0PMT8p-H3d0
2130,SfqoxrtYTrw
2138,Eg5vtHoNQ8k
2154,IpoWVDYT7QM
2156,rY2x_TIJdlk
2273,EqVp8KOA2NM
2274,Aw4P4MPCNvI
2275,zgRrnIras_c
2276,VryVQsRl708
2277,asgkqzi37cM
2278,d23rUi2vt-g
2280,5tOrkYr3l1c
2281,z3RDOfdy-Tk
2282,gaXKuterJhk
2283,phR_FPAe3gs
2284,gn7cA4wMiVk
2286,9Ud9z5ou04Y
2288,VUT_vywXHqI
2291,-LthrMttvjU
2306,iAZ17V2f2qk
2313,OljZJigtWVE
2314,bJ0aGYFiXOQ
2315,PH2PEmmX9kQ
2316,7P2FDebf_h4
2317,7Xu9R9WhAMw
2318,ZMiKtczDqMM
2319,VLuIkikkowc
2320,6qzfYq6lWUM
2321,07d92jIjePs
2322,mUv7QC_AJVQ
2323,jkcfemub2Dw
2324,nLl157cX1oo
2327,NMYAOUHMP2M
2328,_AbSQUQaozY
2330,w-lB1dY6odg
2336,DnaEqxu1-qE
2337,zoFQ-yG8cek
2341,wXw-lN7tIDk
2345,EesZ1I-Cvgg
2347,tsW5h57lqHc
2387,3vjPy8GZr1g
2441,Y-0qesyJoEc
2450,T2uFszfWdOg
2459,NH3z3z1tWKk
2472,xuUcWivcK9Y
2473,WMzUs2wdNo8
2474,Lb1-9YTLkKk
2476,RFd8kZ6m7V4
2477,KoJD0kDxCws
2478,PKEwRYCCQrs
2480,MpAnIrtunm0
2481,3oMQC7m35gg
2487,DgWwCu2gsok
2490,6jdX9FAMcnQ
2491,FvoRaSACkx0
2500,Xt9U4FvONaI
2525,8W_XI9AUxNA
2526,9dfryLOYOAQ
2527,MOSQr7GMmzM
2530,y1AdwRVQvZk
2532,x6-FjVGL4Go
2612,LgyxzW-CPB0
2621,JkKPnE9f6uo
2647,euiIhU7Sa2o
2650,DgjN0pEJJCI
2652,HIMczxMFGr0
2654,5sDaSawrVMA
2665,WOOnsDPrvHE
2669,d6N_dQbNcL0
2686,iBrLWAPZRNc
2703,0CQjhdMZn38
2704,fb71mPInHvQ
2705,zE-4bOUidck
2706,aG3bLZ1cFpg
2707,NW9uM9-psgI
2708,yJ4ARFmuVo4
2709,q5z-tP6RnOc
2710,RqoDNDTgSr4
2711,nCelXg3cl70
2712,9ECm_S-Uq_c
2713,vC_TLp2cUFg
2714,YKP0vtmsBxk
2715,VEmswSQFgOA
2716,WwJLa8jtFZk
2717,EUXOoIOKPII
2718,LHcZkvUG_QE
2719,-RnRu-UddyQ
2720,nZRyHbq_h6E
2721,AMw-mVD-7Qs
2722,LqMzhg_gY04
2723,JmlIW2UqBIY
2724,1ev1K4m2VIM
2725,Kcsb-tjI9Kc
2726,KUCb7pl2I0I
2727,mLn4hPDNPo4
2728,BpY8pfrzEWY
2729,Nmu6OOE8OPw
2730,Tg0yuvdIAFM
2731,EmVERST1xUg
2732,XrcCysvgHJs
2733,wWxR3-Nkmo0
2734,ouXULksNLD4
2735,qTLPjlAQDrI
2736,0WTh7-sO_mk
2737,Z2TfhDVBJTs
2738,7KnFvbiDiJ4
2739,ZiusVu0NUe4
2740,havK72qlMOk
2741,0a7GnnjsgyE
2742,g8sonm1xMhc
2743,WnFGd4uSjFs
2744,-O-YGLLxo_E
2745,rRa_KN1GAno
2746,xIU-xhgsxN4
2747,25gabDluXCY
2748,HxcPaOprIQI
2749,c51W7INvxMk
2750,CaLTWga5w3o
2751,EdbXqf_ReXo
2752,gmZ4SufMgdk
2753,WieAKAkEV44
2754,SwMqf5xsbKo
2755,cvEsWLqhgLg
2756,OKvsm5jeN1M
2757,hTW120ESG8Q
2758,kO5T4osW6MA
2759,NSBX79T6lo0
2760,E7mI8Ras76k
2761,uC2r_97N21Y
2762,R7mWN4ohhZk
2763,iLoYanUCtv8
2764,py-pAUaSl1c
2765,6inEUyg7SaI
2766,RmZQZ2Q_unA
2767,DylgVT_P438
2768,Ytj6XFI7PDw
2769,XEyuGbtUEko
2770,_ZeEeqAI1-s
2771,KDmsbjlWcsE
2772,RlrLp-5y8eY
2773,Sx1VTjYChuA
2774,sU1ICPftODk
2775,u18KW912Gkg
2776,42XC5sCAqv8
2777,J_wcQoc2n-g
2778,PGQVMo-GayY
2779,Rvh8KZHnPvY
2780,miPjUG-ug2s
2818,C8oL6v7Xyi4
2820,cc8d5mT1lqY
2821,fls4ca1XYEI
2822,iMS08Qi1HKI
2823,nVomhQWD76o
2824,aZuXXa7-T0w
2825,N4l_XaWd6PI
2826,uQNeXZbJ83w
2827,T7EeSd49B7Y
2828,IdO0guJBhqQ
2829,xyjLP97b9Ls
2830,VSoNKNK19qI
2831,zqd1-mNm3Hc
2832,3DpqDz9EC3g
2833,gBtY52KXWDk
2834,LdAAlId-UNo
2835,L8RXRU3LkiM
2836,qNRhJ_ug5N4
2837,VaC-8L8jdpI
2838,xoWIyVgGw4c
2839,ut0F2bdUyzE
2840,aO5U7aV6oIA
2841,UaHDhZJ2giU
2842,JzmAJEsEtrI
2843,5uyAPyBIkB8
2844,VC5Icu4riZY
2845,1Gwirqp78Ko
2846,646w-eb2Q-M
2847,OCAdtlBdnXw
2848,mEdeeoSsYjs
2849,r6kx4k1uTB4
2850,ZbHsOqvuMks
2851,qLtkZO1Sku0
2852,kIrvrcauTMI
2853,w4nvCw0Vfzk
2854,fBdCTzI4ulE
2855,15IUjtltAx4
2856,urWQptbjF5M
2857,YJv6XKzRuTg
2858,g0egTzs9has
2859,vhniWjPbGas
2860,x5pXVkqh0hw
2861,uohlnOgdEaE
2862,dwyneq_ZhWM
2863,beMafwfcS0s
2864,SAzng9Bu_G0
2865,3-sVXI_qpKU
2866,v8dO771j6ms
2867,wTc2GqSerBw
2868,4pWaY_lsAm8
2873,HjoAjtfeC_U
2874,-tmkWljfxmM
2881,LxVnIiv_Qg0
2925,53myhwmOOeM
2933,Je9xFgB-Zb4
2936,dtzdoPf0XFc
2951,jpdD47TlQjQ
2958,6Ci1lERpDMU
2959,4ROJZS8vtyM
3012,ALWHv6qhlJ0
3014,XJCJBXF9fD8
3041,0inrqMlvAbk
3050,lE7u9f4qUC4
3051,y21_71_ZmTo
3064,Hor5UwOpDNY
3069,Kn_cgKSQ2Gs
3070,CT4Ol0-iR-I
3073,Enq0Gg52eek
3076,4RtlVBp_wdI
3077,bM8GWFvDeGo
3078,qBK3UF8rrMw
3079,9tfiuf1Ghdc
3083,MZJnKe_bXWk
3087,2ufwaYUCytg
3090,NRJEZkQbU7w
3091,Ponrh3bX1C8
3092,F1b_kQrAsCM
3093,0Pwpl73u7xo
